,Country Name,year,Export Value Total,Import Value Total,usd_outstanding,Country_Code
0,afghanistan,2013-01-01,25625628,274302,0,0
375,equatorial guinea,2013-01-01,204556,11011644,0,36
1242,uzbekistan,2013-01-01,6555292544,110064008,78414529,121
389,eswatini,2013-01-01,170824,496244,0,38
400,ethiopia,2013-01-01,266751108,172793553,18248890,39
411,fiji,2013-01-01,52513472,1936726,0,40
422,gabon,2013-01-01,478266,12254757,0,41
433,gambia,2013-01-01,84124,80508,0,42
444,georgia,2013-01-01,3500529,724161,0,43
1227,ukraine,2013-01-01,35148870,54103509,0,119
455,ghana,2013-01-01,187737696,29009088,67714589,44
466,grenada,2013-01-01,73119,648,0,45
474,guatemala,2013-01-01,180342234,81133974,0,46
485,guinea,2013-01-01,894012,2834520,0,47
496,guyana,2013-01-01,501710,27266,0,48
1216,uganda,2013-01-01,27185520,12394080,4518650,118
506,haiti,2013-01-01,7698012,530064,0,49
517,honduras,2013-01-01,34748050,17684725,29660643,50
528,india,2013-01-01,1736927148,713512008,0,51
539,indonesia,2013-01-01,43142682396,52899974514,201299138,52
550,iran,2013-01-01,46862166,62801710,0,53
1205,tuvalu,2013-01-01,65886,13066,0,117
561,iraq,2013-01-01,535417740,2579525454,0,54
572,jamaica,2013-01-01,1966446,294666,0,55
364,el salvador,2013-01-01,122817520,32305848,0,35
353,egypt,2013-01-01,1536438120,489387444,0,34
342,ecuador,2013-01-01,1029749700,270263000,42425194,33
331,dominican republic,2013-01-01,286425678,115108448,19268106,32
124,bhutan,2013-01-01,1726525,181900,0,12
135,bolivia,2013-01-01,52674500,384345520,18987643,13
146,bosnia and herzegovina,2013-01-01,561525,1311150,89159016,14
157,botswana,2013-01-01,114233,51550,0,15
1285,yemen,2013-01-01,23761875,71310975,32564548,125
168,brazil,2013-01-01,493514664,443226048,0,16
179,burkina faso,2013-01-01,1720220,170860,0,17
190,burundi,2013-01-01,53300,4336,0,18
201,cambodia,2013-01-01,5648501661,2669857265,230075983,19
212,cameroon,2013-01-01,31758576,22056912,14382575,20
1274,viet nam,2013-01-01,366503886972,149997925656,756790872,124
583,jordan,2013-01-01,583952924,60750452,85759755,56
223,central african republic,2013-01-01,753610,9070,0,21
245,chile,2013-01-01,70578000,210353740,0,23
250,china (people's republic of),2013-01-01,72185368992,55516911434,134729425,24
261,colombia,2013-01-01,869593132,556576962,14414338,25
1264,venezuela,2013-01-01,8369720,1189585,0,123
272,costa rica,2013-01-01,38829978,41748606,0,26
283,cuba,2013-01-01,472433,75029,0,27
294,côte d'ivoire,2013-01-01,14432769,937971,0,28
305,democratic republic of the congo,2013-01-01,19388480,187788224,0,29
316,djibouti,2013-01-01,599269,16030,0,30
323,dominica,2013-01-01,128139,13158,0,31
1253,vanuatu,2013-01-01,123436,283880,0,122
234,chad,2013-01-01,10097,112802,0,22
113,benin,2013-01-01,709376,301450,0,11
594,kazakhstan,2013-01-01,210845136,276677776,9420549,57
1194,turkmenistan,2013-01-01,1145270,656,0,116
888,nigeria,2013-01-01,510620972,651828383,0,85
1139,tanzania,2013-01-01,571064644,129296668,136738938,111
905,pakistan,2013-01-01,442894710,160172814,58440440,87
916,palau,2013-01-01,265272,10000,0,88
926,panama,2013-01-01,286733076,52852226,13681293,89
937,papua new guinea,2013-01-01,19134752,91114704,764575,90
1128,tajikistan,2013-01-01,5553977,214676,0,110
948,paraguay,2013-01-01,228768693,119677557,0,91
959,peru,2013-01-01,1623994320,3862711632,0,92
970,philippines,2013-01-01,55170179207,21986123146,88835491,93
981,rwanda,2013-01-01,50617919,4034954,0,94
992,saint kitts and nevis,2013-01-01,212020,1224,0,95
993,saint lucia,2013-01-01,81140,4206,0,96
1002,saint vincent and the grenadines,2013-01-01,33540,3639,0,97
1010,samoa,2013-01-01,1455160,52848,0,98
1021,senegal,2013-01-01,158746392,76455288,61651127,99
1032,serbia,2013-01-01,1657517,1378412,0,100
1044,sierra leone,2013-01-01,1181012,1099616,0,102
1110,sudan,2013-01-01,30466260,7056520,0,108
1055,solomon islands,2013-01-01,3008192,2029712,0,103
1066,somalia,2013-01-01,432795,94374,0,104
1077,south africa,2013-01-01,128953500,245238490,0,105
1088,south sudan,2013-01-01,11468,128,0,106
877,niger,2013-01-01,280524,1670068,0,84
866,nicaragua,2013-01-01,21114272,6225893,61316343,83
855,nepal,2013-01-01,143132472,10707678,59358582,82
849,nauru,2013-01-01,39503,10684,0,81
616,kiribati,2013-01-01,144644,49932,0,59
627,kyrgyzstan,2013-01-01,288444897,1858545,14720529,60
638,lebanon,2013-01-01,6008904,2285496,0,61
649,liberia,2013-01-01,112693792,409628,0,62
660,libya,2013-01-01,43816836,21667506,0,63
1183,tunisia,2013-01-01,91992100,82441250,11362282,115
671,madagascar,2013-01-01,4215393,9426960,9862371,64
682,malawi,2013-01-01,4608796,6768803,0,65
693,malaysia,2013-01-01,1466106075,1745193315,0,66
704,maldives,2013-01-01,1118304,72372,0,67
715,mali,2013-01-01,1897553,143668,20425754,68
605,kenya,2013-01-01,262474365,49970853,33723046,58
1172,tonga,2013-01-01,25308,13052,0,114
743,mauritius,2013-01-01,453475,68095,0,71
754,mexico,2013-01-01,475645744,235356456,0,72
765,micronesia,2013-01-01,314965,15727,0,73
775,moldova,2013-01-01,4619688,6118872,0,74
1161,togo,2013-01-01,34688200,1846240,0,113
786,mongolia,2013-01-01,2847596836,259841264,56843161,75
805,morocco,2013-01-01,367860934,203512680,0,77
816,mozambique,2013-01-01,138455975,96912315,83141829,78
827,myanmar,2013-01-01,1680894750,1427470750,46215966,79
1150,thailand,2013-01-01,10893911860,8261788080,0,112
838,namibia,2013-01-01,82321,561479,0,80
726,marshall islands,2013-01-01,60543509,1058712,0,69
1296,zambia,2013-01-01,1662689,13076308,0,126
1099,sri lanka,2013-01-01,651265470,261986100,301728079,107
102,belize,2013-01-01,359025,45110,0,10
69,azerbaijan,2013-01-01,45631096,542668,0,7
33,angola,2013-01-01,48744164,8511433,142353052,3
80,bangladesh,2013-01-01,4256847925,1268796375,301925136,8
22,algeria,2013-01-01,213604092,459214392,0,2
11,albania,2013-01-01,359811,112065,26478913,1
91,belarus,2013-01-01,4709178,4018518,0,9
1307,zimbabwe,2013-01-01,3178700,1590414,0,127
44,antigua and barbuda,2013-01-01,343977,98478,0,4
716,mali,2014-01-01,2168632,164192,29987417,68
486,guinea,2014-01-01,2235030,7086300,0,47
1173,tonga,2014-01-01,6327,3263,0,114
213,cameroon,2014-01-01,42344768,29409216,20790327,20
284,cuba,2014-01-01,1417299,225087,0,27
727,marshall islands,2014-01-01,242174036,4234848,0,69
1275,viet nam,2014-01-01,385695022816,157852223168,910285478,124
744,mauritius,2014-01-01,906950,136190,0,71
705,maldives,2014-01-01,652344,42217,0,67
475,guatemala,2014-01-01,220418286,99163746,0,46
755,mexico,2014-01-01,713468616,353034684,0,72
766,micronesia,2014-01-01,314965,15727,0,73
467,grenada,2014-01-01,24373,216,0,45
1228,ukraine,2014-01-01,35148870,54103509,0,119
332,dominican republic,2014-01-01,236739591,95140656,19225558,32
456,ghana,2014-01-01,239887056,37067168,63035540,44
776,moldova,2014-01-01,3849740,5099060,0,74
1162,togo,2014-01-01,86720500,4615600,0,113
34,angola,2014-01-01,69634520,12159190,89724620,3
787,mongolia,2014-01-01,2700554682,246423768,57070330,75
70,azerbaijan,2014-01-01,34223322,407001,0,7
797,montenegro,2014-01-01,47246,527188,0,76
806,morocco,2014-01-01,296540957,164056140,0,77
191,burundi,2014-01-01,119925,9756,0,18
295,côte d'ivoire,2014-01-01,20847333,1354847,0,28
817,mozambique,2014-01-01,128325050,89821170,138238589,78
1100,sri lanka,2014-01-01,642770703,258568890,199530301,107
828,myanmar,2014-01-01,2628919389,2232564253,40167811,79
202,cambodia,2014-01-01,5236703241,2475213965,272350844,19
694,malaysia,2014-01-01,1563846480,1861539536,0,66
497,guyana,2014-01-01,501710,27266,0,48
224,central african republic,2014-01-01,753610,9070,0,21
1206,tuvalu,2014-01-01,65886,13066,0,117
262,colombia,2014-01-01,1056720768,676346688,24541171,25
562,iraq,2014-01-01,535417740,2579525454,0,54
573,jamaica,2014-01-01,2949669,441999,0,55
540,indonesia,2014-01-01,45266035892,55503552678,207313342,52
584,jordan,2014-01-01,790053956,82191788,99132387,56
1265,venezuela,2014-01-01,6695776,951668,0,123
595,kazakhstan,2014-01-01,210845136,276677776,8940668,57
60,armenia,2014-01-01,192640,250686,0,6
606,kenya,2014-01-01,245540535,46746927,11362236,58
251,china (people's republic of),2014-01-01,65908380384,50689353918,132102947,24
92,belarus,2014-01-01,3662694,3125514,0,9
1195,turkmenistan,2014-01-01,2290540,1312,0,116
273,costa rica,2014-01-01,45301641,48706707,0,26
246,chile,2014-01-01,35289000,105176870,0,23
617,kiribati,2014-01-01,1012508,349524,0,59
529,india,2014-01-01,1894829616,778376736,0,51
445,georgia,2014-01-01,4667372,965548,0,43
683,malawi,2014-01-01,3973100,5835175,0,65
672,madagascar,2014-01-01,4683770,10474400,0,64
45,antigua and barbuda,2014-01-01,229318,65652,0,4
1217,uganda,2014-01-01,24693514,11257956,11721181,118
1184,tunisia,2014-01-01,139827992,125310700,10498212,115
1308,zimbabwe,2014-01-01,2724600,1363212,0,127
507,haiti,2014-01-01,7698012,530064,0,49
235,chad,2014-01-01,30291,338406,0,22
518,honduras,2014-01-01,30578284,15562558,5485271,50
650,liberia,2014-01-01,112693792,409628,0,62
639,lebanon,2014-01-01,8011872,3047328,0,61
628,kyrgyzstan,2014-01-01,463484108,2986380,15301209,60
50,argentina,2014-01-01,14162956,24059084,0,5
661,libya,2014-01-01,37557288,18572148,0,63
1151,thailand,2014-01-01,8296132878,6291669384,0,112
551,iran,2014-01-01,164017581,219805985,0,53
971,philippines,2014-01-01,50926319268,20294882904,122848850,93
1238,uruguay,2014-01-01,3582822,2892314,0,120
324,dominica,2014-01-01,128139,13158,0,31
1129,tajikistan,2014-01-01,7068698,273224,0,110
949,paraguay,2014-01-01,207676544,108643456,0,91
1067,somalia,2014-01-01,432795,94374,0,104
1056,solomon islands,2014-01-01,2820180,1902855,0,103
960,peru,2014-01-01,1374149040,3268448304,0,92
1254,vanuatu,2014-01-01,123436,283880,0,122
147,bosnia and herzegovina,2014-01-01,449220,1048920,84192235,14
839,namibia,2014-01-01,164642,1122958,0,80
390,eswatini,2014-01-01,128118,372183,0,38
1121,suriname,2014-01-01,216134,105978,0,109
1045,sierra leone,2014-01-01,1349728,1256704,1207030,102
1243,uzbekistan,2014-01-01,4816541168,80870201,34929969,121
982,rwanda,2014-01-01,51586683,4112178,0,94
125,bhutan,2014-01-01,2209952,232832,0,12
12,albania,2014-01-01,359811,112065,0,1
994,saint lucia,2014-01-01,162280,8412,0,96
376,equatorial guinea,2014-01-01,102278,5505822,0,36
136,bolivia,2014-01-01,75603400,551648864,26734796,13
1003,saint vincent and the grenadines,2014-01-01,67080,7278,0,97
1111,sudan,2014-01-01,19803069,4586738,0,108
354,egypt,2014-01-01,1006001150,320432255,0,34
1011,samoa,2014-01-01,2182740,79272,0,98
1033,serbia,2014-01-01,8287585,6892060,0,100
938,papua new guinea,2014-01-01,26310284,125282718,264911,90
1022,senegal,2014-01-01,133548552,64319528,48775492,99
401,ethiopia,2014-01-01,248113476,160720641,29966029,39
103,belize,2014-01-01,143610,18044,0,10
856,nepal,2014-01-01,173265624,12961926,61197680,82
180,burkina faso,2014-01-01,2064264,205032,0,17
81,bangladesh,2014-01-01,4380683501,1305706815,232865402,8
867,nicaragua,2014-01-01,21114272,6225893,31018334,83
1089,south sudan,2014-01-01,31537,352,0,106
434,gambia,2014-01-01,126186,120762,0,42
878,niger,2014-01-01,490917,2922619,0,84
114,benin,2014-01-01,1064064,452175,0,11
423,gabon,2014-01-01,956532,24509514,0,41
1140,tanzania,2014-01-01,537340354,121661038,156494421,111
1286,yemen,2014-01-01,30098375,90327235,32717885,125
889,nigeria,2014-01-01,369385384,471535426,0,85
23,algeria,2014-01-01,205388550,441552300,0,2
1297,zambia,2014-01-01,950108,7472176,0,126
158,botswana,2014-01-01,456932,206200,0,15
1078,south africa,2014-01-01,167639550,318810037,0,105
927,panama,2014-01-01,266252142,49077067,13035897,89
169,brazil,2014-01-01,308446665,277016280,0,16
412,fiji,2014-01-01,47739520,1760660,0,40
365,el salvador,2014-01-01,122817520,32305848,0,35
306,democratic republic of the congo,2014-01-01,15147250,146709550,0,29
906,pakistan,2014-01-01,475301640,171892776,38516000,87
899,north macedonia,2014-01-01,138634,56072,0,86
1,afghanistan,2014-01-01,21964824,235116,0,0
343,ecuador,2014-01-01,1110658605,291497950,46181805,33
541,indonesia,2015-01-01,14380894132,17633324838,195500791,52
344,ecuador,2015-01-01,456032010,119687900,47314040,33
333,dominican republic,2015-01-01,113985729,45808464,30864219,32
355,egypt,2015-01-01,621891620,198085394,0,34
530,india,2015-01-01,1263219744,518917824,0,51
71,azerbaijan,2015-01-01,39112368,465144,1256950,7
61,armenia,2015-01-01,385280,501372,0,6
446,georgia,2015-01-01,7001058,1448322,0,43
1229,ukraine,2015-01-01,42959730,66126511,0,119
435,gambia,2015-01-01,168248,161016,0,42
424,gabon,2015-01-01,1275376,32679352,0,41
413,fiji,2015-01-01,62061376,2288858,0,40
457,ghana,2015-01-01,166877952,25785856,101333586,44
468,grenada,2015-01-01,48746,432,0,45
402,ethiopia,2015-01-01,108331236,70173801,50394976,39
366,el salvador,2015-01-01,72245600,19003440,0,35
476,guatemala,2015-01-01,110209143,49581873,0,46
1239,uruguay,2015-01-01,3582822,2892314,0,120
1218,uganda,2015-01-01,19482956,8882424,19459594,118
391,eswatini,2015-01-01,256236,744366,0,38
498,guyana,2015-01-01,501710,27266,0,48
377,equatorial guinea,2015-01-01,102278,5505822,0,36
508,haiti,2015-01-01,7698012,530064,0,49
1244,uzbekistan,2015-01-01,1798708320,30200490,74647092,121
519,honduras,2015-01-01,31968206,16269947,27661738,50
487,guinea,2015-01-01,447006,1417260,0,47
1196,turkmenistan,2015-01-01,5726350,3280,0,116
1309,zimbabwe,2015-01-01,5449200,2726424,0,127
563,iraq,2015-01-01,600316860,2892195206,0,54
868,nicaragua,2015-01-01,39744512,11719328,72823950,83
24,algeria,2015-01-01,205388550,441552300,0,2
879,niger,2015-01-01,210393,1252551,0,84
1141,tanzania,2015-01-01,229325172,51922284,219698402,111
890,nigeria,2015-01-01,391113936,499272804,0,85
907,pakistan,2015-01-01,464499330,167986122,62430911,87
917,palau,2015-01-01,530544,20000,0,88
928,panama,2015-01-01,245771208,45301908,11031459,89
1130,tajikistan,2015-01-01,8078512,312256,0,110
939,papua new guinea,2015-01-01,21526596,102504042,0,90
950,paraguay,2015-01-01,87613542,45833958,0,91
961,peru,2015-01-01,635023420,1510419292,0,92
972,philippines,2015-01-01,14284211502,5692467156,118495373,93
857,nepal,2015-01-01,48547856,3631844,56416791,82
13,albania,2015-01-01,359811,112065,24339041,1
995,saint lucia,2015-01-01,121710,6309,0,96
1004,saint vincent and the grenadines,2015-01-01,22360,2426,0,97
1012,samoa,2015-01-01,2546530,92484,0,98
1023,senegal,2015-01-01,80633088,38834432,70847975,99
1034,serbia,2015-01-01,6630068,5513648,0,100
1112,sudan,2015-01-01,21326382,4939564,0,108
1046,sierra leone,2015-01-01,506148,471264,0,102
1057,solomon islands,2015-01-01,3760240,2537140,0,103
1068,somalia,2015-01-01,865590,188748,0,104
2,afghanistan,2015-01-01,26671572,285498,0,0
1079,south africa,2015-01-01,77372100,147143094,0,105
1090,south sudan,2015-01-01,25803,288,0,106
1101,sri lanka,2015-01-01,328464324,132132120,334391105,107
983,rwanda,2015-01-01,16711179,1332114,669165,94
552,iran,2015-01-01,93724332,125603420,0,53
840,namibia,2015-01-01,164642,1122958,0,80
1152,thailand,2015-01-01,3435772202,2605640856,0,112
574,jamaica,2015-01-01,2294187,343777,0,55
585,jordan,2015-01-01,377851892,39309116,152422413,56
596,kazakhstan,2015-01-01,224022957,293970137,0,57
607,kenya,2015-01-01,158049080,30089976,33485075,58
51,argentina,2015-01-01,14162956,24059084,0,5
618,kiribati,2015-01-01,1012508,349524,0,59
629,kyrgyzstan,2015-01-01,125732391,810135,0,60
640,lebanon,2015-01-01,10014840,3809160,0,61
651,liberia,2015-01-01,84520344,307221,0,62
1185,tunisia,2015-01-01,77273364,69250650,7939812,115
662,libya,2015-01-01,12519096,6190716,0,63
46,antigua and barbuda,2015-01-01,114659,32826,0,4
673,madagascar,2015-01-01,5152147,11521840,10217359,64
829,myanmar,2015-01-01,968195376,822223152,35938868,79
684,malawi,2015-01-01,4132024,6068582,0,65
706,maldives,2015-01-01,559152,36186,0,67
1174,tonga,2015-01-01,37962,19578,0,114
717,mali,2015-01-01,3795106,287336,5877584,68
728,marshall islands,2015-01-01,242174036,4234848,0,69
745,mauritius,2015-01-01,906950,136190,0,71
756,mexico,2015-01-01,475645744,235356456,0,72
767,micronesia,2015-01-01,629930,31454,0,73
1163,togo,2015-01-01,69376400,3692480,0,113
35,angola,2015-01-01,76597972,13375109,153473407,3
777,moldova,2015-01-01,1732383,2294577,0,74
788,mongolia,2015-01-01,580995828,53015472,51183319,75
807,morocco,2015-01-01,153901003,85143060,0,77
818,mozambique,2015-01-01,162094800,113458320,163209024,78
695,malaysia,2015-01-01,1466106075,1745193315,0,66
82,bangladesh,2015-01-01,1842054193,549042795,377793771,8
1207,tuvalu,2015-01-01,131772,26132,0,117
317,djibouti,2015-01-01,599269,16030,0,30
93,belarus,2015-01-01,3139452,2679012,0,9
1276,viet nam,2015-01-01,118891426936,48658330928,997075072,124
126,bhutan,2015-01-01,1174037,123692,0,12
214,cameroon,2015-01-01,29773665,20678355,30156452,20
1255,vanuatu,2015-01-01,370308,851640,0,122
296,côte d'ivoire,2015-01-01,36883743,2397037,0,28
263,colombia,2015-01-01,649442972,415671402,28794005,25
170,brazil,2015-01-01,61689333,55403256,0,16
148,bosnia and herzegovina,2015-01-01,673830,1573380,92351345,14
115,benin,2015-01-01,1064064,452175,0,11
159,botswana,2015-01-01,114233,51550,0,15
1266,venezuela,2015-01-01,1673944,237917,0,123
236,chad,2015-01-01,20194,225604,0,22
225,central african republic,2015-01-01,452166,5442,0,21
181,burkina faso,2015-01-01,3096396,307548,0,17
1298,zambia,2015-01-01,1900216,14944352,0,126
307,democratic republic of the congo,2015-01-01,19994370,193656606,0,29
192,burundi,2015-01-01,106600,8672,0,18
274,costa rica,2015-01-01,30201094,32471138,0,26
247,chile,2015-01-01,35289000,105176870,0,23
1287,yemen,2015-01-01,9504750,28524390,29037134,125
104,belize,2015-01-01,359025,45110,0,10
252,china (people's republic of),2015-01-01,51785156016,39827349507,112853875,24
203,cambodia,2015-01-01,1386388014,655299110,281764502,19
137,bolivia,2015-01-01,32844100,239650736,36637930,13
325,dominica,2015-01-01,128139,13158,0,31
285,cuba,2015-01-01,1417299,225087,0,27
3,afghanistan,2016-01-01,23533740,251910,0,0
1080,south africa,2016-01-01,38686050,73571547,0,105
929,panama,2016-01-01,102404670,18875795,9677547,89
436,gambia,2016-01-01,42062,40254,0,42
652,liberia,2016-01-01,169040688,614442,0,62
72,azerbaijan,2016-01-01,42371732,503906,13006817,7
286,cuba,2016-01-01,2834598,450174,0,27
160,botswana,2016-01-01,685398,309300,0,15
116,benin,2016-01-01,1064064,452175,0,11
1230,ukraine,2016-01-01,19527150,30057505,0,119
542,indonesia,2016-01-01,14284378064,17514980376,225757654,52
1122,suriname,2016-01-01,108067,52989,0,109
1186,tunisia,2016-01-01,60714786,54411225,7144160,115
237,chad,2016-01-01,30291,338406,0,22
488,guinea,2016-01-01,447006,1417260,0,47
47,antigua and barbuda,2016-01-01,229318,65652,0,4
94,belarus,2016-01-01,5232420,4465020,0,9
597,kazakhstan,2016-01-01,237200778,311262498,0,57
425,gabon,2016-01-01,956532,24509514,0,41
663,libya,2016-01-01,6259548,3095358,0,63
900,north macedonia,2016-01-01,277268,112144,0,86
253,china (people's republic of),2016-01-01,48646661712,37413570749,104396710,24
62,armenia,2016-01-01,192640,250686,0,6
1131,tajikistan,2016-01-01,7573605,292740,0,110
1219,uganda,2016-01-01,20389140,9295560,21912153,118
575,jamaica,2016-01-01,1966446,294666,0,55
171,brazil,2016-01-01,185067999,166209768,0,16
499,guyana,2016-01-01,250855,13633,0,48
447,georgia,2016-01-01,3500529,724161,0,43
248,chile,2016-01-01,52933500,157765305,0,23
908,pakistan,2016-01-01,496906260,179706084,60944182,87
52,argentina,2016-01-01,14162956,24059084,0,5
469,grenada,2016-01-01,48746,432,0,45
608,kenya,2016-01-01,183449825,34925865,31523835,58
477,guatemala,2016-01-01,133586840,60099240,0,46
619,kiribati,2016-01-01,2025016,699048,0,59
891,nigeria,2016-01-01,358521108,457666737,0,85
1043,seychelles,2016-01-01,195792,59014,0,101
1005,saint vincent and the grenadines,2016-01-01,78260,8491,0,97
182,burkina faso,2016-01-01,3440440,341720,0,17
830,myanmar,2016-01-01,1075772640,913581280,45768003,79
630,kyrgyzstan,2016-01-01,182435234,1175490,13883542,60
458,ghana,2016-01-01,172092888,26591664,110867888,44
850,nauru,2016-01-01,237018,64104,0,81
918,palau,2016-01-01,795816,30000,0,88
674,madagascar,2016-01-01,6557278,14664160,18573012,64
127,bhutan,2016-01-01,2071830,218280,0,12
1153,thailand,2016-01-01,4106166778,3114058584,0,112
138,bolivia,2016-01-01,26027400,189911904,42544516,13
1197,turkmenistan,2016-01-01,4581080,2624,0,116
641,lebanon,2016-01-01,14020776,5332824,0,61
1047,sierra leone,2016-01-01,1181012,1099616,10838993,102
509,haiti,2016-01-01,9622515,662580,0,49
819,mozambique,2016-01-01,135079000,94548600,194061009,78
841,namibia,2016-01-01,246963,1684437,0,80
586,jordan,2016-01-01,317739091,33055393,173429373,56
297,côte d'ivoire,2016-01-01,43298307,2813913,0,28
1058,solomon islands,2016-01-01,3760240,2537140,0,103
414,fiji,2016-01-01,64448352,2376891,0,40
808,morocco,2016-01-01,135132588,74759760,0,77
356,egypt,2016-01-01,567018830,180607271,0,34
1024,senegal,2016-01-01,74333628,35800492,99821512,99
553,iran,2016-01-01,93724332,125603420,0,53
962,peru,2016-01-01,697484740,1658985124,0,92
778,moldova,2016-01-01,3272279,4334201,0,74
105,belize,2016-01-01,287220,36088,0,10
737,mauritania,2016-01-01,102178,342779,0,70
729,marshall islands,2016-01-01,363261054,6352272,0,69
367,el salvador,2016-01-01,43347360,11402064,0,35
264,colombia,2016-01-01,583397924,373399734,29982658,25
789,mongolia,2016-01-01,591755010,53997240,70445765,75
531,india,2016-01-01,1894829616,778376736,0,51
858,nepal,2016-01-01,47292308,3537917,54459338,82
1245,uzbekistan,2016-01-01,1918622208,32213856,74232736,121
149,bosnia and herzegovina,2016-01-01,561525,1311150,89302149,14
984,rwanda,2016-01-01,19375280,1544480,1141495,94
1277,viet nam,2016-01-01,127316803648,52106559104,1107104821,124
25,algeria,2016-01-01,156095298,335579748,0,2
1164,togo,2016-01-01,69376400,3692480,0,113
334,dominican republic,2016-01-01,102294885,41110160,36789263,32
869,nicaragua,2016-01-01,48438624,14282931,105063827,83
757,mexico,2016-01-01,237822872,117678228,0,72
36,angola,2016-01-01,125342136,21886542,157054939,3
1299,zambia,2016-01-01,2375270,18680440,0,126
746,mauritius,2016-01-01,453475,68095,0,71
973,philippines,2016-01-01,16354387082,6517462396,148959625,93
204,cambodia,2016-01-01,1544244075,729912375,290870552,19
326,dominica,2016-01-01,128139,13158,0,31
345,ecuador,2016-01-01,544296270,142853300,59834844,33
768,micronesia,2016-01-01,944895,47181,0,73
1208,tuvalu,2016-01-01,197658,39198,0,117
14,albania,2016-01-01,2878488,896520,22476011,1
1288,yemen,2016-01-01,4752375,14262195,0,125
718,mali,2016-01-01,3524027,266812,46053383,68
1091,south sudan,2016-01-01,20069,224,0,106
215,cameroon,2016-01-01,25142206,17461722,34205338,20
1069,somalia,2016-01-01,144265,31458,0,104
940,papua new guinea,2016-01-01,13155142,62641359,0,90
1035,serbia,2016-01-01,13260136,11027296,0,100
520,honduras,2016-01-01,48647270,24758615,35372500,50
226,central african republic,2016-01-01,452166,5442,0,21
685,malawi,2016-01-01,4132024,6068582,0,65
1310,zimbabwe,2016-01-01,4768050,2385621,0,127
403,ethiopia,2016-01-01,126968868,82246713,85239551,39
308,democratic republic of the congo,2016-01-01,20600260,199524988,2391238,29
1013,samoa,2016-01-01,2910320,105696,0,98
564,iraq,2016-01-01,746339880,3595702148,0,54
1113,sudan,2016-01-01,25896321,5998042,0,108
378,equatorial guinea,2016-01-01,204556,11011644,0,36
1267,venezuela,2016-01-01,1673944,237917,0,123
193,burundi,2016-01-01,133250,10840,0,18
696,malaysia,2016-01-01,1857067695,2210578199,0,66
996,saint lucia,2016-01-01,202850,10515,0,96
83,bangladesh,2016-01-01,1687259723,502904745,379645414,8
392,eswatini,2016-01-01,341648,992488,0,38
951,paraguay,2016-01-01,85991069,44985181,0,91
1175,tonga,2016-01-01,31635,16315,0,114
1102,sri lanka,2016-01-01,348285447,140105610,337461542,107
1256,vanuatu,2016-01-01,185154,425820,0,122
1142,tanzania,2016-01-01,231573458,52431326,263345313,111
1240,uruguay,2016-01-01,3582822,2892314,0,120
880,niger,2016-01-01,210393,1252551,0,84
707,maldives,2016-01-01,1025112,66341,0,67
275,costa rica,2016-01-01,36672757,39429239,0,26
859,nepal,2017-01-01,44781212,3350063,55353832,82
851,nauru,2017-01-01,197515,53420,0,81
1198,turkmenistan,2017-01-01,8016890,4592,0,116
1165,togo,2017-01-01,34688200,1846240,0,113
4,afghanistan,2017-01-01,18826992,201528,0,0
576,jamaica,2017-01-01,1310964,196444,0,55
1006,saint vincent and the grenadines,2017-01-01,33540,3639,0,97
1048,sierra leone,2017-01-01,1181012,1099616,14989433,102
554,iran,2017-01-01,234310830,314008550,0,53
587,jordan,2017-01-01,352089263,36628949,176876178,56
265,colombia,2017-01-01,649442972,415671402,27285461,25
26,algeria,2017-01-01,123233130,264931380,0,2
565,iraq,2017-01-01,730115100,3517534710,0,54
653,liberia,2017-01-01,56346896,204814,0,62
598,kazakhstan,2017-01-01,118600389,155631249,0,57
697,malaysia,2017-01-01,1270625265,1512500873,0,66
798,montenegro,2017-01-01,94492,1054376,0,76
1114,sudan,2017-01-01,22849695,5292390,0,108
1176,tonga,2017-01-01,25308,13052,0,114
1014,samoa,2017-01-01,1091370,39636,0,98
708,maldives,2017-01-01,745536,48248,0,67
790,mongolia,2017-01-01,541545494,49415656,74854611,75
216,cameroon,2017-01-01,32420213,22516431,52780853,20
719,mali,2017-01-01,2710790,205240,55501577,68
194,burundi,2017-01-01,66625,5420,0,18
730,marshall islands,2017-01-01,181630527,3176136,0,69
779,moldova,2017-01-01,962435,1274765,0,74
1025,senegal,2017-01-01,71813844,34586916,116048852,99
1278,viet nam,2017-01-01,125912574196,51531854408,1260093111,124
747,mauritius,2017-01-01,1360425,204285,0,71
769,micronesia,2017-01-01,944895,47181,0,73
205,cambodia,2017-01-01,1276575102,603394230,330981424,19
37,angola,2017-01-01,76597972,13375109,172871178,3
758,mexico,2017-01-01,832380052,411873798,0,72
95,belarus,2017-01-01,2616210,2232510,0,9
686,malawi,2017-01-01,4608796,6768803,0,65
227,central african republic,2017-01-01,452166,5442,0,21
128,bhutan,2017-01-01,1519342,160072,0,12
842,namibia,2017-01-01,329284,2245916,0,80
53,argentina,2017-01-01,21244434,36088626,0,5
249,chile,2017-01-01,52933500,157765305,0,23
609,kenya,2017-01-01,180627520,34388544,31212885,58
183,burkina faso,2017-01-01,2408308,239204,0,17
620,kiribati,2017-01-01,1591084,549252,0,59
106,belize,2017-01-01,215415,27066,0,10
831,myanmar,2017-01-01,1089219798,925001046,86040759,79
631,kyrgyzstan,2017-01-01,152851142,984870,16130921,60
254,china (people's republic of),2017-01-01,39231178800,30172234475,98626431,24
642,lebanon,2017-01-01,20029680,7618320,0,61
1187,tunisia,2017-01-01,47835892,42869450,6111194,115
48,antigua and barbuda,2017-01-01,114659,32826,0,4
238,chad,2017-01-01,40388,451208,0,22
1311,zimbabwe,2017-01-01,3632800,1817616,0,127
1154,thailand,2017-01-01,3100574914,2351431992,0,112
664,libya,2017-01-01,12519096,6190716,0,63
1036,serbia,2017-01-01,9945102,8270472,0,100
809,morocco,2017-01-01,138886271,76836420,0,77
675,madagascar,2017-01-01,7494032,16759040,34797597,64
820,mozambique,2017-01-01,145209925,101639745,224895186,78
870,nicaragua,2017-01-01,59616768,17578992,139674856,83
1289,yemen,2017-01-01,12673000,38032520,33974940,125
543,indonesia,2017-01-01,12933153112,15858157908,266356094,52
73,azerbaijan,2017-01-01,34223322,407001,27154769,7
1257,vanuatu,2017-01-01,246872,567760,0,122
426,gabon,2017-01-01,478266,12254757,0,41
930,panama,2017-01-01,143366538,26426113,8830167,89
1081,south africa,2017-01-01,64476750,122619245,0,105
1231,ukraine,2017-01-01,31243440,48092008,0,119
1132,tajikistan,2017-01-01,7068698,273224,0,110
298,côte d'ivoire,2017-01-01,35280102,2292818,0,28
448,georgia,2017-01-01,5834215,1206935,0,43
415,fiji,2017-01-01,69222304,2552957,0,40
117,benin,2017-01-01,1064064,452175,0,11
459,ghana,2017-01-01,187737696,29009088,151700154,44
161,botswana,2017-01-01,571165,257750,0,15
909,pakistan,2017-01-01,324069300,117199620,62914034,87
470,grenada,2017-01-01,48746,432,0,45
287,cuba,2017-01-01,2834598,450174,0,27
478,guatemala,2017-01-01,113548814,51084354,0,46
139,bolivia,2017-01-01,30985000,226085600,49842687,13
1220,uganda,2017-01-01,21295324,9708696,28755632,118
489,guinea,2017-01-01,447006,1417260,0,47
919,palau,2017-01-01,265272,10000,0,88
1070,somalia,2017-01-01,577060,125832,0,104
941,papua new guinea,2017-01-01,8371454,39862683,0,90
309,democratic republic of the congo,2017-01-01,24235600,234735280,3548396,29
335,dominican republic,2017-01-01,99372174,39935584,37168635,32
974,philippines,2017-01-01,14905264176,5939965728,170877731,93
327,dominica,2017-01-01,42713,4386,0,31
346,ecuador,2017-01-01,522230205,137061950,84214281,33
1123,suriname,2017-01-01,216134,105978,0,109
84,bangladesh,2017-01-01,1486026912,442925280,406686361,8
963,peru,2017-01-01,655843860,1559941236,0,92
357,egypt,2017-01-01,676764410,215563517,0,34
1092,south sudan,2017-01-01,22936,256,0,106
404,ethiopia,2017-01-01,145606500,94319625,99177700,39
1246,uzbekistan,2017-01-01,2038536096,34227222,105214357,121
368,el salvador,2017-01-01,36122800,9501720,0,35
15,albania,2017-01-01,1439244,448260,21789729,1
985,rwanda,2017-01-01,19617471,1563786,1673911,94
385,eritrea,2017-01-01,36088,51948,0,37
1241,uruguay,2017-01-01,3582822,2892314,0,120
952,paraguay,2017-01-01,77878704,40741296,0,91
393,eswatini,2017-01-01,256236,744366,0,38
150,bosnia and herzegovina,2017-01-01,336915,786690,87558821,14
1103,sri lanka,2017-01-01,339790680,136688400,343172907,107
318,djibouti,2017-01-01,599269,16030,0,30
997,saint lucia,2017-01-01,81140,4206,0,96
437,gambia,2017-01-01,126186,120762,0,42
1300,zambia,2017-01-01,3087851,24284572,0,126
510,haiti,2017-01-01,7056511,485892,0,49
1143,tanzania,2017-01-01,238318316,53958452,289671689,111
521,honduras,2017-01-01,56986802,29002949,57868012,50
172,brazil,2017-01-01,123378666,110806512,0,16
63,armenia,2017-01-01,192640,250686,0,6
1209,tuvalu,2017-01-01,98829,19599,0,117
1059,solomon islands,2017-01-01,3384216,2283426,0,103
892,nigeria,2017-01-01,347656832,443798048,0,85
881,niger,2017-01-01,210393,1252551,0,84
500,guyana,2017-01-01,501710,27266,0,48
532,india,2017-01-01,2526439488,1037835648,0,51
276,costa rica,2017-01-01,47458862,51026074,0,26
882,niger,2018-01-01,350655,2087585,0,84
1015,samoa,2018-01-01,2910320,105696,0,98
394,eswatini,2018-01-01,213530,620305,0,38
522,honduras,2018-01-01,54206958,27588171,65929421,50
953,paraguay,2018-01-01,73011285,38194965,0,91
151,bosnia and herzegovina,2018-01-01,449220,1048920,85759150,14
698,malaysia,2018-01-01,1661586885,1977885757,0,66
709,maldives,2018-01-01,838728,54279,0,67
16,albania,2018-01-01,1799055,560325,21075566,1
1177,tonga,2018-01-01,25308,13052,0,114
416,fiji,2018-01-01,76383232,2817056,0,40
791,mongolia,2018-01-01,566650252,51706448,130506489,75
228,central african republic,2018-01-01,753610,9070,0,21
1082,south africa,2018-01-01,38686050,73571547,0,105
676,madagascar,2018-01-01,6557278,14664160,39220951,64
1199,turkmenistan,2018-01-01,5726350,3280,0,116
5,afghanistan,2018-01-01,21964824,235116,0,0
74,azerbaijan,2018-01-01,42371732,503906,46200745,7
96,belarus,2018-01-01,2092968,1786008,0,9
129,bhutan,2018-01-01,1657464,174624,0,12
986,rwanda,2018-01-01,21070617,1679622,9727193,94
405,ethiopia,2018-01-01,140947092,91301397,148025192,39
687,malawi,2018-01-01,4449872,6535396,0,65
860,nepal,2018-01-01,43107148,3224827,56448737,82
566,iraq,2018-01-01,697665540,3361199834,0,54
799,montenegro,2018-01-01,47246,527188,0,76
942,papua new guinea,2018-01-01,10763298,51252021,0,90
310,democratic republic of the congo,2018-01-01,30294500,293419100,4395989,29
379,equatorial guinea,2018-01-01,51139,2752911,0,36
217,cameroon,2018-01-01,41021494,28490178,58533682,20
328,dominica,2018-01-01,42713,4386,0,31
759,mexico,2018-01-01,594557180,294195570,0,72
871,nicaragua,2018-01-01,48438624,14282931,185896867,83
336,dominican republic,2018-01-01,102294885,41110160,37144943,32
206,cambodia,2018-01-01,1317754944,622858560,366222091,19
975,philippines,2018-01-01,14594737839,5816216442,204709497,93
1166,togo,2018-01-01,34688200,1846240,0,113
1210,tuvalu,2018-01-01,98829,19599,0,117
347,ecuador,2018-01-01,581073045,152505550,97437396,33
748,mauritius,2018-01-01,1360425,204285,0,71
1144,tanzania,2018-01-01,274290892,62103124,351047371,111
770,micronesia,2018-01-01,629930,31454,0,73
38,angola,2018-01-01,97488328,17022866,183737304,3
964,peru,2018-01-01,614202980,1460897348,0,92
266,colombia,2018-01-01,704480512,450897792,80076992,25
1093,south sudan,2018-01-01,22936,256,0,106
738,mauritania,2018-01-01,510890,1713895,0,70
810,morocco,2018-01-01,116364173,64376460,0,77
85,bangladesh,2018-01-01,1625341935,484449525,463882804,8
720,mali,2018-01-01,2710790,205240,61737787,68
369,el salvador,2018-01-01,41541220,10926978,0,35
195,burundi,2018-01-01,66625,5420,0,18
533,india,2018-01-01,2052732084,843241464,0,51
107,belize,2018-01-01,143610,18044,0,10
780,moldova,2018-01-01,962435,1274765,0,74
555,iran,2018-01-01,210879747,282607695,0,53
731,marshall islands,2018-01-01,60543509,1058712,0,69
1247,uzbekistan,2018-01-01,2238392576,37582832,117067749,121
1026,senegal,2018-01-01,79373196,38227644,132729100,99
358,egypt,2018-01-01,713346270,227215599,74945675,34
1060,solomon islands,2018-01-01,5452348,3678853,0,103
1301,zambia,2018-01-01,3087851,24284572,0,126
277,costa rica,2018-01-01,34515536,37109872,0,26
1115,sudan,2018-01-01,21326382,4939564,0,108
118,benin,2018-01-01,1064064,452175,0,11
643,lebanon,2018-01-01,8011872,3047328,0,61
621,kiribati,2018-01-01,1446440,499320,0,59
998,saint lucia,2018-01-01,121710,6309,0,96
239,chad,2018-01-01,40388,451208,0,22
821,mozambique,2018-01-01,145209925,101639745,242911128,78
49,antigua and barbuda,2018-01-01,114659,32826,0,4
255,china (people's republic of),2018-01-01,31384943040,24137787580,94171946,24
288,cuba,2018-01-01,1889732,300116,0,27
920,palau,2018-01-01,530544,20000,0,88
1049,sierra leone,2018-01-01,843580,785440,26813128,102
1312,zimbabwe,2018-01-01,4313950,2158419,0,127
1133,tajikistan,2018-01-01,4544163,175644,0,110
632,kyrgyzstan,2018-01-01,157781824,1016640,14337152,60
1037,serbia,2018-01-01,13260136,11027296,0,100
27,algeria,2018-01-01,156095298,335579748,0,2
460,ghana,2018-01-01,252924396,39081688,157941754,44
1290,yemen,2018-01-01,17425375,52294715,34915242,125
184,burkina faso,2018-01-01,2752352,273376,0,17
1104,sri lanka,2018-01-01,365274981,146940030,360125369,107
832,myanmar,2018-01-01,1163179167,987809759,89750298,79
162,botswana,2018-01-01,685398,309300,0,15
910,pakistan,2018-01-01,496906260,179706084,63812430,87
1268,venezuela,2018-01-01,3347888,475834,0,123
1007,saint vincent and the grenadines,2018-01-01,33540,3639,0,97
610,kenya,2018-01-01,203205960,38687112,30898899,58
449,georgia,2018-01-01,4667372,965548,0,43
893,nigeria,2018-01-01,434571040,554747560,0,85
1188,tunisia,2018-01-01,57035102,51113575,5024264,115
54,argentina,2018-01-01,7081478,12029542,0,5
843,namibia,2018-01-01,576247,3930353,0,80
1155,thailand,2018-01-01,2849176948,2160775344,0,112
665,libya,2018-01-01,18778644,9286074,0,63
490,guinea,2018-01-01,447006,1417260,0,47
1258,vanuatu,2018-01-01,185154,425820,0,122
599,kazakhstan,2018-01-01,144956031,190215971,0,57
427,gabon,2018-01-01,637688,16339676,0,41
931,panama,2018-01-01,102404670,18875795,7940234,89
173,brazil,2018-01-01,61689333,55403256,0,16
479,guatemala,2018-01-01,76812433,34557063,0,46
1071,somalia,2018-01-01,432795,94374,0,104
1232,ukraine,2018-01-01,27338010,42080507,0,119
140,bolivia,2018-01-01,31604700,230607312,52211593,13
438,gambia,2018-01-01,588868,563556,0,42
577,jamaica,2018-01-01,983223,147333,0,55
1279,viet nam,2018-01-01,136678333328,55937923744,1387722653,124
654,liberia,2018-01-01,84520344,307221,0,62
544,indonesia,2018-01-01,15056506608,18461736072,295595030,52
299,côte d'ivoire,2018-01-01,41694666,2709694,0,28
1221,uganda,2018-01-01,26052790,11877660,29261437,118
501,guyana,2018-01-01,250855,13633,0,48
588,jordan,2018-01-01,377851892,39309116,192415289,56
511,haiti,2018-01-01,5132008,353376,0,49
911,pakistan,2019-01-01,853382490,308625666,151557130,87
872,nicaragua,2019-01-01,53406688,15747847,216727685,83
1116,sudan,2019-01-01,36559512,8467824,0,108
844,namibia,2019-01-01,1070173,7299227,0,80
28,algeria,2019-01-01,312190596,671159496,0,2
163,botswana,2019-01-01,1827728,824800,0,15
965,peru,2019-01-01,811997160,1931355816,0,92
771,micronesia,2019-01-01,314965,15727,0,73
901,north macedonia,2019-01-01,554536,224288,0,86
976,philippines,2019-01-01,19356141673,7713705494,236022256,93
811,morocco,2019-01-01,165162052,91373040,0,77
1145,tanzania,2019-01-01,350732616,79410552,350572290,111
1291,yemen,2019-01-01,22177750,66556910,32964439,125
932,panama,2019-01-01,245771208,45301908,6425652,89
987,rwanda,2019-01-01,29062920,2316720,13708612,94
883,niger,2019-01-01,140262,835034,0,84
999,saint lucia,2019-01-01,81140,4206,0,96
852,nauru,2019-01-01,79006,21368,0,81
943,papua new guinea,2019-01-01,22722518,108198711,0,90
152,bosnia and herzegovina,2019-01-01,1235355,2884530,76980541,14
1156,thailand,2019-01-01,5782153218,4385102904,0,112
800,montenegro,2019-01-01,236230,2635940,0,76
17,albania,2019-01-01,3238299,1008585,18654394,1
1280,viet nam,2019-01-01,167103304788,68389858824,1335809837,124
833,myanmar,2019-01-01,1559870328,1324692856,134765336,79
921,palau,2019-01-01,397908,15000,0,88
174,brazil,2019-01-01,1357165326,1218871632,0,16
822,mozambique,2019-01-01,209372450,146550330,247938286,78
792,mongolia,2019-01-01,767488316,70032784,152933462,75
1008,saint vincent and the grenadines,2019-01-01,11180,1213,0,97
185,burkina faso,2019-01-01,3440440,341720,0,17
954,paraguay,2019-01-01,120063002,62809498,0,91
141,bolivia,2019-01-01,40280500,293911280,56548061,13
861,nepal,2019-01-01,58592240,4383260,55551940,82
1313,zimbabwe,2019-01-01,7719700,3862434,0,127
196,burundi,2019-01-01,213200,17344,0,18
781,moldova,2019-01-01,962435,1274765,0,74
1134,tajikistan,2019-01-01,15652117,604996,0,110
1016,samoa,2019-01-01,2546530,92484,0,98
894,nigeria,2019-01-01,727906492,929202163,0,85
329,dominica,2019-01-01,42713,4386,0,31
760,mexico,2019-01-01,2972785900,1470977850,0,72
450,georgia,2019-01-01,14002116,2896644,0,43
589,jordan,2019-01-01,506665037,52709951,199366789,56
300,côte d'ivoire,2019-01-01,57731076,3751884,856529,28
600,kazakhstan,2019-01-01,540290661,708986801,0,57
439,gambia,2019-01-01,588868,563556,0,42
611,kenya,2019-01-01,276585890,52657458,31745284,58
428,gabon,2019-01-01,1594220,40849190,0,41
622,kiribati,2019-01-01,1446440,499320,0,59
1233,ukraine,2019-01-01,62486880,96184016,0,119
256,china (people's republic of),2019-01-01,69046874688,53103132676,82127614,24
6,afghanistan,2019-01-01,31378320,335880,0,0
633,kyrgyzstan,2019-01-01,248999441,1604385,13059299,60
417,fiji,2019-01-01,114574848,4225584,0,40
86,bangladesh,2019-01-01,2244519815,669001725,514410408,8
1189,tunisia,2019-01-01,84632732,75845950,3557659,115
240,chad,2019-01-01,40388,451208,0,22
644,lebanon,2019-01-01,22032648,8380152,0,61
1083,south africa,2019-01-01,206325600,392381584,0,105
655,liberia,2019-01-01,169040688,614442,0,62
666,libya,2019-01-01,31297740,15476790,0,63
1269,venezuela,2019-01-01,18413384,2617087,0,123
55,argentina,2019-01-01,92059214,156384046,0,5
1200,turkmenistan,2019-01-01,19469590,11152,0,116
578,jamaica,2019-01-01,3605151,540221,0,55
278,costa rica,2019-01-01,62559409,67261643,0,26
512,haiti,2019-01-01,5773509,397548,0,49
119,benin,2019-01-01,2482816,1055075,0,11
523,honduras,2019-01-01,72275944,36784228,90666475,50
1061,solomon islands,2019-01-01,6580420,4439995,0,103
491,guinea,2019-01-01,3576048,11338080,0,47
1072,somalia,2019-01-01,865590,188748,0,104
1211,tuvalu,2019-01-01,65886,13066,0,117
534,india,2019-01-01,6789806124,2789183304,0,51
480,guatemala,2019-01-01,130247169,58596759,0,46
545,indonesia,2019-01-01,21233534960,26035781640,292611196,52
1222,uganda,2019-01-01,34434992,15699168,27352687,118
471,grenada,2019-01-01,73119,648,0,45
267,colombia,2019-01-01,957653196,612939186,78287295,25
289,cuba,2019-01-01,944866,150058,0,27
556,iran,2019-01-01,632639241,847823085,0,53
567,iraq,2019-01-01,957262020,4611878842,0,54
1105,sri lanka,2019-01-01,419075172,168582360,351414523,107
461,ghana,2019-01-01,362438052,56003656,154225600,44
1050,sierra leone,2019-01-01,1181012,1099616,42316181,102
1259,vanuatu,2019-01-01,246872,567760,0,122
406,ethiopia,2019-01-01,178222356,115447221,166804826,39
75,azerbaijan,2019-01-01,88002828,1046574,58770929,7
64,armenia,2019-01-01,2504320,3258918,0,6
311,democratic republic of the congo,2019-01-01,36959290,357971302,33724073,29
699,malaysia,2019-01-01,5375722275,6399042155,0,66
380,equatorial guinea,2019-01-01,153417,8258733,0,36
130,bhutan,2019-01-01,2417135,254660,0,12
218,cameroon,2019-01-01,58885693,40897191,58685500,20
370,el salvador,2019-01-01,61408760,16152924,0,35
710,maldives,2019-01-01,1304688,84434,0,67
319,djibouti,2019-01-01,599269,16030,0,30
348,ecuador,2019-01-01,809089050,212349500,102022225,33
721,mali,2019-01-01,2168632,164192,58288342,68
1027,senegal,2019-01-01,104571036,50363404,144397224,99
1094,south sudan,2019-01-01,14335,160,0,106
739,mauritania,2019-01-01,408712,1371116,0,70
1038,serbia,2019-01-01,28177789,23433004,0,100
1248,uzbekistan,2019-01-01,3177718032,53354199,148649368,121
732,marshall islands,2019-01-01,121087018,2117424,0,69
97,belarus,2019-01-01,4709178,4018518,0,9
359,egypt,2019-01-01,1188910450,378692665,128896395,34
1178,tonga,2019-01-01,37962,19578,0,114
1302,zambia,2019-01-01,4037959,31756748,0,126
108,belize,2019-01-01,215415,27066,0,10
229,central african republic,2019-01-01,753610,9070,0,21
207,cambodia,2019-01-01,1612877145,762352925,383413345,19
1167,togo,2019-01-01,86720500,4615600,0,113
677,madagascar,2019-01-01,13114556,29328320,37038895,64
395,eswatini,2019-01-01,170824,496244,0,38
688,malawi,2019-01-01,4608796,6768803,0,65
337,dominican republic,2019-01-01,151980972,61077952,35927980,32
39,angola,2019-01-01,118378684,20670623,166817417,3
749,mauritius,2019-01-01,2267375,340475,0,71
492,guinea,2020-01-01,3129042,9920820,0,47
1303,zambia,2020-01-01,4513013,35492836,0,126
290,cuba,2020-01-01,3307031,525203,0,27
338,dominican republic,2020-01-01,122753862,49332192,34495278,32
164,botswana,2020-01-01,1827728,824800,0,15
1124,suriname,2020-01-01,216134,105978,0,109
912,pakistan,2020-01-01,766964010,277372434,149211471,87
902,north macedonia,2020-01-01,415902,168216,0,86
502,guyana,2020-01-01,1003420,54532,0,48
1223,uganda,2020-01-01,26505882,12084228,26738470,118
120,benin,2020-01-01,2128128,904350,0,11
481,guatemala,2020-01-01,110209143,49581873,543587,46
1095,south sudan,2020-01-01,25803,288,0,106
349,ecuador,2020-01-01,647271240,169879600,100198545,33
977,philippines,2020-01-01,16975439756,6764960968,357588971,93
65,armenia,2020-01-01,1926400,2506860,0,6
1073,somalia,2020-01-01,1154120,251664,0,104
895,nigeria,2020-01-01,640992284,818252651,0,85
87,bangladesh,2020-01-01,1903971981,567498015,590324496,8
142,bolivia,2020-01-01,30365300,221563888,57667020,13
407,ethiopia,2020-01-01,158419872,102619752,225743312,39
944,papua new guinea,2020-01-01,10763298,51252021,0,90
1084,south africa,2020-01-01,180534900,343333886,0,105
396,eswatini,2020-01-01,256236,744366,0,38
312,democratic republic of the congo,2020-01-01,35747510,346234538,38355855,29
76,azerbaijan,2020-01-01,58668552,697716,64271489,7
153,bosnia and herzegovina,2020-01-01,1123050,2622300,72075996,14
386,eritrea,2020-01-01,36088,51948,0,37
18,albania,2020-01-01,3238299,1008585,17191918,1
1106,sri lanka,2020-01-01,294485256,118463280,341713391,107
1234,ukraine,2020-01-01,66392310,102195517,0,119
381,equatorial guinea,2020-01-01,255695,13764555,0,36
988,rwanda,2020-01-01,23734718,1891988,14514181,94
955,paraguay,2020-01-01,116818056,61111944,50000000,91
933,panama,2020-01-01,348175878,64177703,5287402,89
429,gabon,2020-01-01,2231908,57188866,0,41
301,côte d'ivoire,2020-01-01,54523794,3543446,845763,28
371,el salvador,2020-01-01,65021040,17103096,0,35
440,gambia,2020-01-01,378558,362286,0,42
360,egypt,2020-01-01,1170619520,372866624,132618423,34
922,palau,2020-01-01,530544,20000,0,88
451,georgia,2020-01-01,15168959,3138031,0,43
320,djibouti,2020-01-01,1198538,32060,0,30
1260,vanuatu,2020-01-01,185154,425820,0,122
1249,uzbekistan,2020-01-01,2338320816,39260637,178953897,121
966,peru,2020-01-01,645433640,1535180264,0,92
462,ghana,2020-01-01,307681224,47542672,153457530,44
1135,tajikistan,2020-01-01,11612861,448868,0,110
418,fiji,2020-01-01,88318112,3257221,0,40
535,india,2020-01-01,5684488848,2335130208,0,51
513,haiti,2020-01-01,4490507,309204,0,49
7,afghanistan,2020-01-01,27194544,291096,0,0
1157,thailand,2020-01-01,3770969490,2859849720,0,112
689,malawi,2020-01-01,3814176,5601768,0,65
678,madagascar,2020-01-01,8899163,19901360,35706368,64
230,central african republic,2020-01-01,602888,7256,0,21
812,morocco,2020-01-01,146393637,80989740,0,77
667,libya,2020-01-01,37557288,18572148,0,63
1270,venezuela,2020-01-01,20087328,2855004,0,123
1039,serbia,2020-01-01,28177789,23433004,0,100
645,lebanon,2020-01-01,32047488,12189312,0,61
823,mozambique,2020-01-01,175602700,122913180,247200994,78
1190,tunisia,2020-01-01,71753838,64304175,2341960,115
279,costa rica,2020-01-01,60402188,64942276,0,26
186,burkina faso,2020-01-01,4816616,478408,0,17
241,chad,2020-01-01,70679,789614,0,22
801,montenegro,2020-01-01,236230,2635940,0,76
1179,tonga,2020-01-01,25308,13052,0,114
700,malaysia,2020-01-01,3714135390,4421156398,0,66
219,cameroon,2020-01-01,50946049,35382963,60670494,20
750,mauritius,2020-01-01,2720850,408570,0,71
208,cambodia,2020-01-01,1406977935,665031275,436969859,19
131,bhutan,2020-01-01,1657464,174624,0,12
772,micronesia,2020-01-01,314965,15727,0,73
1168,togo,2020-01-01,52032300,2769360,0,113
98,belarus,2020-01-01,5755662,4911522,0,9
740,mauritania,2020-01-01,510890,1713895,0,70
623,kiribati,2020-01-01,1012508,349524,0,59
733,marshall islands,2020-01-01,121087018,2117424,0,69
1017,samoa,2020-01-01,1091370,39636,0,98
197,burundi,2020-01-01,146575,11924,0,18
40,angola,2020-01-01,132305588,23102461,164805551,3
722,mali,2020-01-01,3252948,246288,57555667,68
1028,senegal,2020-01-01,80633088,38834432,149890150,99
711,maldives,2020-01-01,465960,30155,0,67
793,mongolia,2020-01-01,641964526,58578824,150629311,75
782,moldova,2020-01-01,1539896,2039624,0,74
834,myanmar,2020-01-01,1290927168,1096297536,205653179,79
634,kyrgyzstan,2020-01-01,207088644,1334340,12389453,60
29,algeria,2020-01-01,246466260,529862760,0,2
1292,yemen,2020-01-01,28514250,85573170,32550082,125
557,iran,2020-01-01,562345992,753620520,0,53
1281,viet nam,2020-01-01,130125262552,53255968496,1360919301,124
1314,zimbabwe,2020-01-01,5449200,2726424,0,127
546,indonesia,2020-01-01,18917149328,23195514552,300470021,52
268,colombia,2020-01-01,693473004,443852514,72642876,25
761,mexico,2020-01-01,2734963028,1353299622,0,72
873,nicaragua,2020-01-01,52164672,15381618,226170110,83
1117,sudan,2020-01-01,39606138,9173476,0,108
1000,saint lucia,2020-01-01,40570,2103,0,96
175,brazil,2020-01-01,1172097327,1052661864,0,16
1212,tuvalu,2020-01-01,131772,26132,0,117
524,honduras,2020-01-01,52817036,26880782,88362749,50
1062,solomon islands,2020-01-01,5264336,3551996,0,103
884,niger,2020-01-01,420786,2505102,0,84
568,iraq,2020-01-01,551642520,2657692892,0,54
1051,sierra leone,2020-01-01,1855876,1727968,46056860,102
862,nepal,2020-01-01,44781212,3350063,53520700,82
845,namibia,2020-01-01,576247,3930353,0,80
612,kenya,2020-01-01,237073620,45134964,31560473,58
109,belize,2020-01-01,215415,27066,0,10
601,kazakhstan,2020-01-01,408512451,536063191,0,57
590,jordan,2020-01-01,412202064,42882672,187678328,56
56,argentina,2020-01-01,63733302,108265878,0,5
1201,turkmenistan,2020-01-01,14888510,8528,0,116
579,jamaica,2020-01-01,2294187,343777,0,55
656,liberia,2020-01-01,197214136,716849,0,62
257,china (people's republic of),2020-01-01,59631391776,45861796402,74397833,24
853,nauru,2020-01-01,79006,21368,0,81
1146,tanzania,2020-01-01,308015182,69738754,411568350,111
143,bolivia,2021-01-01,28506200,207998752,58182676,13
8,afghanistan,2021-01-01,20918880,223920,0,0
1107,sri lanka,2021-01-01,305811612,123019560,345282194,107
1063,solomon islands,2021-01-01,1316084,887999,0,103
1052,sierra leone,2021-01-01,1518444,1413792,53490050,102
1096,south sudan,2021-01-01,14335,160,0,106
1074,somalia,2021-01-01,865590,188748,0,104
989,rwanda,2021-01-01,20101853,1602398,24087094,94
1009,saint vincent and the grenadines,2021-01-01,22360,2426,0,97
1293,yemen,2021-01-01,20593625,61802845,33564637,125
1315,zimbabwe,2021-01-01,5449200,2726424,0,127
1018,samoa,2021-01-01,1818950,66060,0,98
1118,sudan,2021-01-01,31989573,7409346,0,108
1040,serbia,2021-01-01,19890204,16540944,0,100
1085,south africa,2021-01-01,64476750,122619245,0,105
1029,senegal,2021-01-01,66774276,32159764,164265940,99
121,benin,2021-01-01,1773440,753625,0,11
132,bhutan,2021-01-01,1450281,152796,0,12
41,angola,2021-01-01,118378684,20670623,175576157,3
967,peru,2021-01-01,687074520,1634224152,0,92
280,costa rica,2021-01-01,36672757,39429239,0,26
514,haiti,2021-01-01,5132008,353376,0,49
1213,tuvalu,2021-01-01,98829,19599,0,117
525,honduras,2021-01-01,38917816,19806892,95407457,50
536,india,2021-01-01,5526586380,2270265480,0,51
269,colombia,2021-01-01,803548084,514305294,180625579,25
547,indonesia,2021-01-01,19882310008,24378959172,313094579,52
558,iran,2021-01-01,445190577,596616245,0,53
57,argentina,2021-01-01,49570346,84206794,0,5
569,iraq,2021-01-01,584092080,2814027768,0,54
1202,turkmenistan,2021-01-01,17179050,9840,0,116
258,china (people's republic of),2021-01-01,47077414560,36206681370,69810538,24
580,jamaica,2021-01-01,2294187,343777,0,55
591,jordan,2021-01-01,343501720,35735560,195197994,56
602,kazakhstan,2021-01-01,329445525,432309025,0,57
613,kenya,2021-01-01,214495180,40836396,45446971,58
624,kiribati,2021-01-01,723220,249660,0,59
1191,tunisia,2021-01-01,69913996,62655350,1207478,115
242,chad,2021-01-01,50485,564010,0,22
635,kyrgyzstan,2021-01-01,224346031,1445535,12254167,60
978,philippines,2021-01-01,18838597778,7507456684,504985103,93
657,liberia,2021-01-01,140867240,512035,0,62
668,libya,2021-01-01,6259548,3095358,0,63
503,guyana,2021-01-01,501710,27266,0,48
1271,venezuela,2021-01-01,11717608,1665419,0,123
1261,vanuatu,2021-01-01,61718,141940,0,122
493,guinea,2021-01-01,2235030,7086300,0,47
339,dominican republic,2021-01-01,122753862,49332192,84558789,32
1250,uzbekistan,2021-01-01,2618119888,43958491,190043469,121
350,ecuador,2021-01-01,485453430,127409700,106038396,33
321,djibouti,2021-01-01,599269,16030,0,30
361,egypt,2021-01-01,1152328590,367040583,205517687,34
372,el salvador,2021-01-01,65021040,17103096,0,35
382,equatorial guinea,2021-01-01,306834,16517466,0,36
77,azerbaijan,2021-01-01,76595054,910907,67016525,7
313,democratic republic of the congo,2021-01-01,31506280,305155864,58094839,29
397,eswatini,2021-01-01,128118,372183,0,38
408,ethiopia,2021-01-01,137452536,89037726,276423428,39
1235,ukraine,2021-01-01,62486880,96184016,0,119
419,fiji,2021-01-01,66835328,2464924,0,40
430,gabon,2021-01-01,1753642,44934109,0,41
302,côte d'ivoire,2021-01-01,51316512,3335008,29563155,28
441,gambia,2021-01-01,336496,322032,0,42
452,georgia,2021-01-01,15168959,3138031,0,43
291,cuba,2021-01-01,1889732,300116,0,27
463,ghana,2021-01-01,292036416,45125248,186947599,44
1224,uganda,2021-01-01,27638612,12600648,27571882,118
1304,zambia,2021-01-01,3087851,24284572,0,126
482,guatemala,2021-01-01,130247169,58596759,810776,46
66,armenia,2021-01-01,1541120,2005488,0,6
88,bangladesh,2021-01-01,1934930875,576725625,810090805,8
231,central african republic,2021-01-01,301444,3628,0,21
646,lebanon,2021-01-01,16023744,6094656,0,61
110,belize,2021-01-01,143610,18044,0,10
802,montenegro,2021-01-01,283476,3163128,0,76
99,belarus,2021-01-01,4709178,4018518,0,9
813,morocco,2021-01-01,101349441,56069820,0,77
824,mozambique,2021-01-01,182356650,127640610,264699042,78
187,burkina faso,2021-01-01,4128528,410064,0,17
679,madagascar,2021-01-01,10772671,24091120,37433224,64
30,algeria,2021-01-01,213604092,459214392,0,2
835,myanmar,2021-01-01,827000217,702315609,235117606,79
846,namibia,2021-01-01,246963,1684437,0,80
903,north macedonia,2021-01-01,138634,56072,0,86
19,albania,2021-01-01,2158866,672390,16461504,1
863,nepal,2021-01-01,35155344,2629956,55188889,82
1282,viet nam,2021-01-01,131061415520,53639104960,1401185873,124
874,nicaragua,2021-01-01,39744512,11719328,256254689,83
176,brazil,2021-01-01,863650662,775645584,0,16
885,niger,2021-01-01,280524,1670068,0,84
923,palau,2021-01-01,397908,15000,0,88
896,nigeria,2021-01-01,684449388,873727407,0,85
165,botswana,2021-01-01,1028097,463950,0,15
913,pakistan,2021-01-01,777766320,281279088,166619461,87
1147,tanzania,2021-01-01,326001470,73811090,463162293,111
934,panama,2021-01-01,286733076,52852226,4361764,89
1158,thailand,2021-01-01,3938568134,2986954152,0,112
154,bosnia and herzegovina,2021-01-01,786135,1835610,70262914,14
1180,tonga,2021-01-01,12654,6526,0,114
690,malawi,2021-01-01,2701708,3967919,0,65
1125,suriname,2021-01-01,324201,158967,0,109
701,malaysia,2021-01-01,3714135390,4421156398,0,66
220,cameroon,2021-01-01,42344768,29409216,80116665,20
712,maldives,2021-01-01,279576,18093,0,67
723,mali,2021-01-01,1626474,123144,60326488,68
734,marshall islands,2021-01-01,121087018,2117424,0,69
794,mongolia,2021-01-01,609686980,55633520,160883427,75
1169,togo,2021-01-01,52032300,2769360,0,113
1136,tajikistan,2021-01-01,12622675,487900,0,110
209,cambodia,2021-01-01,1544244075,729912375,515101744,19
751,mauritius,2021-01-01,3174325,476665,0,71
762,mexico,2021-01-01,2259317284,1117943166,0,72
956,paraguay,2021-01-01,97348380,50926620,63498411,91
773,micronesia,2021-01-01,944895,47181,0,73
945,papua new guinea,2021-01-01,11959220,56946690,0,90
783,moldova,2021-01-01,1154922,1529718,0,74
198,burundi,2021-01-01,159900,13008,0,18
741,mauritania,2021-01-01,204356,685558,0,70
1251,uzbekistan,2022-01-01,3037818496,51005272,170374338,121
1119,sudan,2022-01-01,27419634,6350868,0,108
1294,yemen,2022-01-01,17425375,52294715,29745241,125
1126,suriname,2022-01-01,108067,52989,0,109
1181,tonga,2022-01-01,12654,6526,0,114
1137,tajikistan,2022-01-01,14137396,546448,0,110
1283,viet nam,2022-01-01,141827174652,58045174296,1254352259,124
1225,uganda,2022-01-01,29224434,13323636,23940221,118
1148,tanzania,2022-01-01,382208620,86537140,437100780,111
1214,tuvalu,2022-01-01,32943,6533,0,117
1159,thailand,2022-01-01,4776561354,3622476312,0,112
1305,zambia,2022-01-01,3087851,24284572,0,126
1108,sri lanka,2022-01-01,308643201,124158630,307185565,107
1203,turkmenistan,2022-01-01,16033780,9184,0,116
1170,togo,2022-01-01,43360250,2307800,0,113
1192,tunisia,2022-01-01,66234312,59357700,0,115
1272,venezuela,2022-01-01,10043664,1427502,0,123
1236,ukraine,2022-01-01,101541180,156299026,0,119
1262,vanuatu,2022-01-01,185154,425820,0,122
658,liberia,2022-01-01,169040688,614442,0,62
1097,south sudan,2022-01-01,17202,192,0,106
603,kazakhstan,2022-01-01,487579377,639817357,0,57
614,kenya,2022-01-01,220139790,41911038,46991351,58
270,colombia,2022-01-01,1001683228,641120298,173572442,25
625,kiribati,2022-01-01,578576,199728,0,59
636,kyrgyzstan,2022-01-01,266256828,1715580,10397621,60
259,china (people's republic of),2022-01-01,48646661712,37413570749,55832957,24
647,lebanon,2022-01-01,24035616,9141984,0,61
1316,zimbabwe,2022-01-01,5676250,2840025,0,127
243,chad,2022-01-01,50485,564010,0,22
669,libya,2022-01-01,25038192,12381432,0,63
232,central african republic,2022-01-01,602888,7256,0,21
281,costa rica,2022-01-01,40987199,44067973,0,26
680,madagascar,2022-01-01,12177802,27233440,33407513,64
702,malaysia,2022-01-01,3420914175,4072117735,0,66
221,cameroon,2022-01-01,47637864,33085368,78457696,20
713,maldives,2022-01-01,372768,24124,0,67
724,mali,2022-01-01,1084316,82096,53670491,68
210,cambodia,2022-01-01,1763869899,833722135,513393267,19
199,burundi,2022-01-01,319800,26016,0,18
752,mauritius,2022-01-01,2720850,408570,0,71
188,burkina faso,2022-01-01,2408308,239204,0,17
763,mexico,2022-01-01,2734963028,1353299622,0,72
774,micronesia,2022-01-01,944895,47181,0,73
784,moldova,2022-01-01,2309844,3059436,0,74
691,malawi,2022-01-01,4132024,6068582,0,65
592,jordan,2022-01-01,386439435,40202505,169896571,56
581,jamaica,2022-01-01,2294187,343777,0,55
292,cuba,2022-01-01,3307031,525203,0,27
387,eritrea,2022-01-01,36088,51948,0,37
409,ethiopia,2022-01-01,116485200,75455700,329742843,39
420,fiji,2022-01-01,93092064,3433287,0,40
383,equatorial guinea,2022-01-01,51139,2752911,0,36
431,gabon,2022-01-01,1753642,44934109,0,41
442,gambia,2022-01-01,378558,362286,0,42
373,el salvador,2022-01-01,65021040,17103096,0,35
453,georgia,2022-01-01,21003174,4344966,0,43
362,egypt,2022-01-01,1115746730,355388501,234417776,34
464,ghana,2022-01-01,323326032,49960096,186213406,44
472,grenada,2022-01-01,73119,648,0,45
351,ecuador,2022-01-01,559006980,146714200,98927117,33
483,guatemala,2022-01-01,143605853,64606683,16027225,46
494,guinea,2022-01-01,2235030,7086300,0,47
340,dominican republic,2022-01-01,122753862,49332192,127862875,32
504,guyana,2022-01-01,1003420,54532,0,48
330,dominica,2022-01-01,42713,4386,0,31
515,haiti,2022-01-01,5132008,353376,0,49
526,honduras,2022-01-01,33358128,16977336,85362271,50
537,india,2022-01-01,5368683912,2205400752,0,51
314,democratic republic of the congo,2022-01-01,29082720,281682336,58520899,29
548,indonesia,2022-01-01,23260372388,28521015342,314951866,52
559,iran,2022-01-01,374897328,502413680,0,53
303,côte d'ivoire,2022-01-01,38487384,2501256,26199097,28
570,iraq,2022-01-01,519192960,2501358016,0,54
177,brazil,2022-01-01,1233786660,1108065120,0,16
795,mongolia,2022-01-01,695760436,63487664,185535369,75
735,marshall islands,2022-01-01,181630527,3176136,0,69
398,eswatini,2022-01-01,170824,496244,0,38
67,armenia,2022-01-01,1733760,2256174,0,6
897,nigeria,2022-01-01,793092148,1012414297,0,85
1041,serbia,2022-01-01,34807857,28946652,0,100
42,angola,2022-01-01,146232492,25534299,154265300,3
111,belize,2022-01-01,215415,27066,0,10
914,pakistan,2022-01-01,831777870,300812358,169023271,87
1030,senegal,2022-01-01,68034168,32766552,166507190,99
924,palau,2022-01-01,132636,5000,0,88
100,belarus,2022-01-01,5232420,4465020,0,9
886,niger,2022-01-01,70131,417517,0,84
1019,samoa,2022-01-01,1455160,52848,0,98
803,montenegro,2022-01-01,188984,2108752,0,76
946,papua new guinea,2022-01-01,19134752,91114704,0,90
58,argentina,2022-01-01,35407390,60147710,0,5
89,bangladesh,2022-01-01,1934930875,576725625,771285387,8
957,paraguay,2022-01-01,113573110,59414390,69968945,91
78,azerbaijan,2022-01-01,86373146,1027193,59390563,7
968,peru,2022-01-01,843227820,2005638732,0,92
990,rwanda,2022-01-01,22765954,1814764,27461451,94
979,philippines,2022-01-01,23496492833,9363695974,526759570,93
935,panama,2022-01-01,286733076,52852226,2899072,89
1053,sierra leone,2022-01-01,1855876,1727968,47783193,102
122,benin,2022-01-01,1773440,753625,0,11
875,nicaragua,2022-01-01,27324352,8057038,253224658,83
166,botswana,2022-01-01,1256563,567050,0,15
9,afghanistan,2022-01-01,17258076,184734,0,0
814,morocco,2022-01-01,138886271,76836420,0,77
1086,south africa,2022-01-01,64476750,122619245,0,105
825,mozambique,2022-01-01,172225725,120549465,235981218,78
155,bosnia and herzegovina,2022-01-01,673830,1573380,58240814,14
836,myanmar,2022-01-01,658910742,559568534,236539112,79
1075,somalia,2022-01-01,1154120,251664,0,104
20,albania,2022-01-01,1799055,560325,13466134,1
144,bolivia,2022-01-01,39041100,284867856,53227024,13
847,namibia,2022-01-01,164642,1122958,0,80
1064,solomon islands,2022-01-01,1504096,1014856,0,103
31,algeria,2022-01-01,188957466,406228116,0,2
133,bhutan,2022-01-01,1726525,181900,0,12
854,nauru,2022-01-01,79006,21368,0,81
864,nepal,2022-01-01,38921988,2911737,46384198,82
374,el salvador,2023-01-01,59602620,15677838,105223,35
32,algeria,2023-01-01,180741924,388566024,0,2
322,djibouti,2023-01-01,1797807,48090,0,30
352,ecuador,2023-01-01,485453430,127409700,194461,33
1306,zambia,2023-01-01,1900216,14944352,0,126
1252,uzbekistan,2023-01-01,2817976368,47314101,223564,121
384,equatorial guinea,2023-01-01,153417,8258733,0,36
21,albania,2023-01-01,1079433,336195,15941,1
10,afghanistan,2023-01-01,9413496,100764,0,0
363,egypt,2023-01-01,932837430,297128091,359605,34
43,angola,2023-01-01,104451780,18238785,198687,3
341,dominican republic,2023-01-01,119831151,48157616,165243,32
59,argentina,2023-01-01,28325912,48118168,0,5
1284,viet nam,2023-01-01,122636038808,50190876784,1643954,124
68,armenia,2023-01-01,963200,1253430,0,6
167,botswana,2023-01-01,571165,257750,0,15
156,bosnia and herzegovina,2023-01-01,673830,1573380,69458,14
178,brazil,2023-01-01,308446665,277016280,0,16
145,bolivia,2023-01-01,39660800,289389568,66450,13
189,burkina faso,2023-01-01,3784484,375892,0,17
388,eritrea,2023-01-01,36088,51948,0,37
200,burundi,2023-01-01,306475,24932,0,18
134,bhutan,2023-01-01,1035915,109140,0,12
211,cambodia,2023-01-01,1489337619,703959935,738069,19
1273,venezuela,2023-01-01,5021832,713751,0,123
222,cameroon,2023-01-01,50284412,34923444,98503,20
315,democratic republic of the congo,2023-01-01,30900390,299287482,77108,29
123,benin,2023-01-01,709376,301450,0,11
112,belize,2023-01-01,430830,54132,0,10
244,chad,2023-01-01,111067,1240822,0,22
1295,yemen,2023-01-01,25346000,76065040,38413,125
260,china (people's republic of),2023-01-01,29815695888,22930898201,64422,24
101,belarus,2023-01-01,1046484,893004,0,9
271,colombia,2023-01-01,803548084,514305294,226824,25
1263,vanuatu,2023-01-01,185154,425820,0,122
282,costa rica,2023-01-01,30201094,32471138,0,26
79,azerbaijan,2023-01-01,60298234,717097,76698,7
293,cuba,2023-01-01,1417299,225087,0,27
304,côte d'ivoire,2023-01-01,70560204,4585636,40406,28
233,central african republic,2023-01-01,1205776,14512,0,21
90,bangladesh,2023-01-01,1996848663,595180845,1232221,8
538,india,2023-01-01,3315951828,1362159288,128940,51
1237,ukraine,2023-01-01,82014030,126241521,0,119
898,nigeria,2023-01-01,717042216,915333474,0,85
1138,tajikistan,2023-01-01,16157024,624512,0,110
887,niger,2023-01-01,210393,1252551,0,84
876,nicaragua,2023-01-01,26082336,7690809,332725,83
865,nepal,2023-01-01,41851600,3130900,1156637,82
848,namibia,2023-01-01,164642,1122958,0,80
1149,tanzania,2023-01-01,377712048,85519056,577359,111
837,myanmar,2023-01-01,329455371,279784267,342040,79
826,mozambique,2023-01-01,165471775,115822035,343307,78
815,morocco,2023-01-01,127625222,70606440,0,77
804,montenegro,2023-01-01,141738,1581564,0,76
796,mongolia,2023-01-01,627618950,57269800,293426,75
1160,thailand,2023-01-01,3184374236,2414984208,0,112
785,moldova,2023-01-01,962435,1274765,0,74
764,mexico,2023-01-01,1189114360,588391140,0,72
904,north macedonia,2023-01-01,277268,112144,0,86
915,pakistan,2023-01-01,626533980,226585932,232949,87
925,palau,2023-01-01,132636,5000,0,88
936,panama,2023-01-01,307214010,56627385,2496,89
1087,south africa,2023-01-01,64476750,122619245,0,105
1076,somalia,2023-01-01,577060,125832,0,104
1065,solomon islands,2023-01-01,1692108,1141713,0,103
1054,sierra leone,2023-01-01,2024592,1885056,61708,102
1109,sri lanka,2023-01-01,319969557,128714910,396701,107
1042,serbia,2023-01-01,19890204,16540944,0,100
1031,senegal,2023-01-01,57955032,27912248,216361,99
753,mauritius,2023-01-01,1360425,204285,0,71
1020,samoa,2023-01-01,2182740,79272,0,98
991,rwanda,2023-01-01,22281572,1776152,42503,94
1120,sudan,2023-01-01,15233130,3528260,0,108
980,philippines,2023-01-01,20287720684,8084953352,746907,93
969,peru,2023-01-01,749535840,1782789984,0,92
958,paraguay,2023-01-01,85991069,44985181,109400,91
1127,suriname,2023-01-01,324201,158967,0,109
947,papua new guinea,2023-01-01,16742908,79725366,0,90
1001,saint lucia,2023-01-01,121710,6309,0,96
399,eswatini,2023-01-01,298942,868427,0,38
742,mauritania,2023-01-01,204356,685558,0,70
1171,togo,2023-01-01,17344100,923120,0,113
1098,south sudan,2023-01-01,11468,128,0,106
527,honduras,2023-01-01,43087582,21929059,112608,50
516,haiti,2023-01-01,3849006,265032,0,49
1215,tuvalu,2023-01-01,98829,19599,0,117
505,guyana,2023-01-01,250855,13633,0,48
495,guinea,2023-01-01,2235030,7086300,0,47
484,guatemala,2023-01-01,110209143,49581873,26578,46
473,grenada,2023-01-01,73119,648,0,45
465,ghana,2023-01-01,305073756,47139768,249521,44
1226,uganda,2023-01-01,28544796,13013784,30597,118
454,georgia,2023-01-01,8167901,1689709,0,43
443,gambia,2023-01-01,168248,161016,0,42
432,gabon,2023-01-01,478266,12254757,0,41
421,fiji,2023-01-01,105026944,3873452,0,40
410,ethiopia,2023-01-01,83869344,54328104,471900,39
549,indonesia,2023-01-01,20654438552,25325714868,570295,52
560,iran,2023-01-01,140586498,188405130,0,53
1204,turkmenistan,2023-01-01,3435810,1968,0,116
571,iraq,2023-01-01,373169940,1797851074,0,54
725,mali,2023-01-01,1084316,82096,69311,68
714,maldives,2023-01-01,372768,24124,0,67
703,malaysia,2023-01-01,1270625265,1512500873,0,66
692,malawi,2023-01-01,4132024,6068582,0,65
681,madagascar,2023-01-01,11241048,25138560,42868,64
1182,tonga,2023-01-01,12654,6526,0,114
670,libya,2023-01-01,18778644,9286074,0,63
736,marshall islands,2023-01-01,181630527,3176136,0,69
659,liberia,2023-01-01,225387584,819256,0,62
637,kyrgyzstan,2023-01-01,244068759,1572615,12831,60
626,kiribati,2023-01-01,723220,249660,0,59
1193,tunisia,2023-01-01,60714786,54411225,618,115
615,kenya,2023-01-01,234251315,44597643,72223,58
604,kazakhstan,2023-01-01,276734241,363139581,0,57
593,jordan,2023-01-01,386439435,40202505,209971,56
582,jamaica,2023-01-01,1638705,245555,0,55
648,lebanon,2023-01-01,24035616,9141984,0,61
1317,zimbabwe,2023-01-01,7038550,3521631,0,127
